{
  "project_info": {
    "project_number": "299672464453",
    "project_id": "proyecto-final-hho8n2",
    "storage_bucket": "proyecto-final-hho8n2.firebasestorage.app"
  },
  "client": [
    {
      "client_info": {
        "mobilesdk_app_id": "1:299672464453:android:05226600173013c093472c",
        "android_client_info": {
          "package_name": "com.mycompany.proyectofinal"
        }
      },
      "oauth_client": [],
      "api_key": [
        {
          "current_key": "AIzaSyD5ful3mwK4kGQph3UFZOrDrwvaV-q_cG8"
        }
      ],
      "services": {
        "appinvite_service": {
          "other_platform_oauth_client": []
        }
      }
    }
  ],
  "configuration_version": "1"
}